id,name,google_place_id,address,latitude,longitude,independent,coffee_quality,seating,quiet,outdoor_seating,laptop_friendly,meeting_suitability,google_rating,google_review_count
battersea_brew,Battersea Brew,ChIJ89NO15sFdkgR1xmcizxKzAM,"141 Battersea High St, London SW11 3JS, UK",51.470929,-0.1728167,TRUE,,,,TRUE,,,4.9,202
the_coffee_community,The Coffee Community,ChIJyUXtfsIFdkgRw46OUNOTxSQ,"18 Northcote Rd, London SW11 1NX, UK",51.4601068,-0.16693529999999998,TRUE,,,,,,,5,237
nostos_coffee_battersea,Nostos Coffee Battersea,ChIJoe9JnRUFdkgRl4xa0jriGJI,"Next to, Battersea Park Railway Station, 10a Battersea Park Rd, Nine Elms, London SW8 4FF, UK",51.477041299999996,-0.146927,TRUE,,,,TRUE,,,4.7,596
sendero_specialty_coffee_putney,Sendero Specialty Coffee Putney,ChIJR06SPnEPdkgRLSL3GxhQMvo,"161-163 Putney High St, London SW15 1RT, UK",51.461300599999994,-0.21650419999999998,TRUE,,,,,,,4.5,107
tried_and_true,Tried & True,ChIJ2RjP0AQPdkgRL1h35uffT0I,"279 Upper Richmond Rd, London SW15 6SP, UK",51.4627938,-0.2263058,TRUE,,,,TRUE,,,4.5,562
story_coffee,Story Coffee,ChIJBYsxFZAFdkgRyIhgxmST2aI,"115 St John's Hl, London SW11 1SZ, UK",51.461031,-0.174409,TRUE,,,,TRUE,,,4.3,734
hopper_coffee_wandsworth,Hopper Coffee Wandsworth,ChIJ3a3d5ikPdkgROE3ksPtbBrk,"177a Wandsworth High St, London SW18 4JE, UK",51.4570635,-0.1971852,TRUE,,,,,,,4.7,355
academy_pantry,Academy Pantry,ChIJy4nuWwAFdkgR8IEajJb-9p4,"198, 140 A3205, London SW11 3TZ, UK",51.466642799999995,-0.1789056,TRUE,,,,,,,4.6,11
adada_cafe,Adada Cafe,ChIJBX1WtxgPdkgRIPdyIl93XnE,"118A Upper Richmond Rd, London SW15 2SP, UK",51.459903399999995,-0.21199479999999998,TRUE,,,,,,,5,118
a_l_coffee_roasters,A. L. Coffee Roasters,ChIJE5ZboRgFdkgRVK4CMAP3HdM,"52, 56 Standard Rd, London NW10 6EU, UK",51.5278301,-0.2657618,TRUE,,,,,,,4.9,18
snapshot_coffee,Snapshot Coffee,ChIJYwNZHT0FdkgR019Wjancfds,"338 Balham High Rd, Tooting Bec, London SW17 7AA, UK",51.4358393,-0.1596071,TRUE,,,,,,,4.9,49
green_monkey,Green Monkey,ChIJTctnst4FdkgR-NZLFTd29EI,"2d Tooting Bec Rd, Tooting Bec, London SW17 8BD, UK",51.4353708,-0.1591398,TRUE,,,,,,,4.6,795
the_lab93_coffee,The Lab93 Coffee,ChIJyxf-_2YFdkgR5GQRG7ngV2Y,"4 Balham Station Rd, London SW12 9SG, UK",51.4432687,-0.1519111,TRUE,,,,,,,4.7,168
earlsfield_grocer,Earlsfield Grocer,ChIJwR9BdGoPdkgRJFNlXF22RCc,"383 Garratt Ln, London SW18 4SL, UK",51.444977599999994,-0.1892055,TRUE,,,,TRUE,,,4.9,108
artisan_coffee,Artisan Coffee,ChIJW0a-n_YFdkgR7XdjA6YeZIk,"12 Regent Street Saint James's, London SW1Y 4PE, UK",51.508604299999995,-0.133517,TRUE,,,,,,,4.8,516
carbon_kopi,Carbon Kopi,ChIJry88BTMPdkgRIwcvwuIfD9E,"11 Margravine Rd, London W6 8LS, UK",51.486410199999995,-0.2148253,TRUE,,,,TRUE,,,4.7,540
half_moon_cafe,Half Moon Cafe,ChIJo_aeELoPdkgRorOLv0Lu4g8,"125 Fulham Palace Rd, London W6 8JA, UK",51.4878797,-0.22214209999999998,TRUE,,,,TRUE,,,4.6,715
elder_press_cafe,Elder Press Cafe,ChIJK8oXVTUPdkgRQjpszfHYr7k,"3 S Black Lion Ln, London W6 9TJ, UK",51.4901543,-0.24208459999999998,TRUE,,,,TRUE,,,4.7,584
wild_thyme_london,Wild Thyme London,ChIJY1stUiwOdkgRNsy-zqRbmN8,"2b Thorpebank Rd, London W12 0PQ, UK",51.5070741,-0.23854799999999995,TRUE,,,,TRUE,,,4.8,1214
deluxe_coffeeworks_roastery_and_espresso_bar,Deluxe Coffeeworks Roastery & Espresso Bar,ChIJmbZcfdoRdkgRaTGUHX83cZU,"2B MacFarlane Rd, London W12 7JZ, UK",51.505859099999995,-0.22579049999999998,TRUE,,,,,,,4.7,131
21_grams_fulham,21 Grams Fulham,ChIJzdHLIV8PdkgReF9ngUC379I,"65b New Kings Rd, London SW6 4SG, UK",51.4759612,-0.19312669999999998,TRUE,,,,TRUE,,,4.7,139
blue_door_coffee,Blue Door Coffee,ChIJDS2pujcPdkgRVGhSMBzszNA,"778 Fulham Rd., London SW6 5SJ, UK",51.472136899999995,-0.2103835,TRUE,,,,,,,4.9,80
beanut_roastery,Beanut Roastery,ChIJTSy-pKoPdkgRudF4bvC2m0g,"399 North End Rd, London SW6 1NR, UK",51.4830988,-0.20051729999999998,TRUE,,,,,,,4.9,61
mabelle_s,Mabelle's,ChIJRz6cU2gPdkgRnDLRqAkku2Q,"305 New Kings Rd, London SW6 4RF, UK",51.4720264,-0.2035101,TRUE,,,,TRUE,,,4.8,291
maicafe,MAICAFE,ChIJ8wTuHwMPdkgR7VfENYulCWs,"MAICAFE, 115-117 Uxbridge Rd, London W12 8NL, UK",51.506288999999995,-0.23330179999999998,TRUE,,,,,,,4.8,70
glasshouse_coffee,Glasshouse Coffee,ChIJl-GAbqAPdkgRN3-tiqf-zbY,"Bishop's Ave, London SW6 6EE, UK",51.473984699999995,-0.2134629,TRUE,,,,TRUE,,,4.5,287
electric_coffee_co,Electric Coffee Co,ChIJkYdsXM4PdkgRq9iUccv7K0M,"75 Goldhawk Rd, London W12 8EH, UK",51.502068699999995,-0.2274007,TRUE,,,,TRUE,,,4.6,458
amoret_coffee,Amoret Coffee,ChIJtfjDM0kPdkgRLiu0Sxjfkw8,"53 Pembridge Rd, London W11 3HG, UK",51.510791999999995,-0.1975809,TRUE,,,,FALSE,,,4.4,385
coffee_plant,Coffee Plant,ChIJhbnj7R0QdkgRJjI9sGvzreM,"180 Portobello Rd, London W11 2EB, UK",51.5157917,-0.204675,TRUE,,,,TRUE,,,4.2,443
hermanos_colombian_coffee_roasters,Hermanos Colombian Coffee Roasters,ChIJyROk5nAbdkgRUCf2kZIfNh0,"Pancras Rd, London N1C 4TB, UK",51.5312128,-0.12492710000000001,TRUE,,,,FALSE,,,4.5,270
lift_coffee,LIFT Coffee,ChIJL36eoKEPdkgRApb5DnRGQ7Y,"133 Kensington Church St, London W8 7LP, UK",51.5074745,-0.1949041,TRUE,,,,TRUE,,,4.7,718
guillam_coffee_house,Guillam Coffee House,ChIJY1TR97gFdkgRGF4CWyWhGgo,"Smithson Tower, 25 St James's St, London SW1A 1HA, UK",51.506890999999996,-0.1388121,TRUE,,,,TRUE,,,4.9,180
the_hatch_specialty_coffee,The Hatch Specialty Coffee,ChIJL5Q8AfAPdkgRjuKjIkT1Vlw,"21 Notting Hill Gate, London W11 3JQ, UK",51.509239,-0.19443510000000003,TRUE,,,,,,,4.8,12
kuro_coffee,KURO Coffee,ChIJ6XuM3LgPdkgRyZVYPiLEBrs,"3 Hillgate St, London W8 7SP, UK",51.508589699999995,-0.1976056,TRUE,,,,TRUE,,,4.4,559
equivalence_coffee,Equivalence Coffee,ChIJ8-QvGesRdkgRhafJHNFl4oo,"212 Kensington Park Rd, London W11 1NR, UK",51.5162748,-0.2061929,TRUE,,,,TRUE,,,4.6,327
toki,Toki,ChIJ2YzQCQAFdkgRxn2ZUkkCGYc,"50 Harrington Rd, South Kensington, London SW7 3ND, UK",51.494001499999996,-0.1783875,TRUE,,,,,,,5,55
filo_coffee,Filo Coffee,ChIJx9HIFgcFdkgRa_72Gio9T8E,"19 Bute St, South Kensington, London SW7 3EY, UK",51.4936167,-0.1764993,TRUE,,,,TRUE,,,4.7,1258
laura_todd_artisanal_cookies_and_specialty_coffee,Laura Todd - Artisanal Cookies & Specialty Coffee,ChIJ9xpeYwAFdkgRXTEB1Xk7gdQ,"Gloucester Road Underground Station, 136 Gloucester Rd, South Kensington, London SW7 4SF, UK",51.494223899999994,-0.1827414,TRUE,,,,,,,4.9,124
party_at_pavilion_by_the_roasting_party,Party At Pavilion by The Roasting Party,ChIJcWMn_RUFdkgRGC0cSPEsvTk,"253 Pavilion Rd, London SW1X 0BP, UK",51.493238999999996,-0.1586321,TRUE,,,,TRUE,,,4.4,604
stillroom_chelsea,Stillroom Chelsea,ChIJOVYeegAFdkgRybP14OGm7BA,"55 Old Church St, London SW3 5BS, UK",51.484843999999995,-0.1725448,TRUE,,,,,,,4.9,48
the_blend_king_s_road,The Blend - King's Road,ChIJEYEpIYcFdkgRr6WvYBbZDSE,"67 King's Rd, London SW3 4NT, UK",51.4894277,-0.1635814,TRUE,,,,FALSE,,,4.5,596
kaffeine,Kaffeine,ChIJ6dpmcCsbdkgR0wcDN3XFut0,"15 Eastcastle St, London W1T 3AY, UK",51.5168536,-0.1371591,TRUE,,,,TRUE,,,4.6,1316
attendant_coffee_roasters_fitzrovia,Attendant Coffee Roasters Fitzrovia,ChIJT3lsCSobdkgRsmpQbI2yp5w,"27A Foley St, London W1W 6DY, UK",51.5192293,-0.140675,TRUE,,,,TRUE,,,4.7,1744
workshop_coffee_marylebone,Workshop Coffee Marylebone,ChIJz5GDUh8bdkgRazMn9hzzxDU,"6 Thayer St, London W1U 3JQ, UK",51.5177708,-0.15161300000000003,TRUE,,,,FALSE,,,4.5,282
special_guests,Special Guests,ChIJNTRGKAAbdkgR7xL7If_TBLQ,"8 Aybrook St, London W1U 4AW, UK",51.5191276,-0.1528896,TRUE,,,,,,,4.7,516
h_r_higgins,H.R. Higgins,ChIJDbyJEC0FdkgRstNqqS95-cE,"79 Duke St, London W1K 5AS, UK",51.51311760000001,-0.1505713,TRUE,,,,,,,4.5,833
queens_of_mayfair,Queens of Mayfair,ChIJreQrKccFdkgRYqmyK8vvnSg,"17 Queen St, London W1J 5PH, UK",51.5072954,-0.14735969999999998,TRUE,,,,TRUE,,,4.6,924
nostos_coffee_st_james_s,Nostos Coffee St James's,ChIJY2OfyxMFdkgRkAlRiY5hhUs,"6 Orchard Pl, London SW1H 0BF, UK",51.4986733,-0.1333018,TRUE,,,,TRUE,,,4.7,652
guillam_coffee_house_st_james,Guillam Coffee House - St James,ChIJY1TR97gFdkgRGF4CWyWhGgo,"Smithson Tower, 25 St James's St, London SW1A 1HA, UK",51.506890999999996,-0.1388121,TRUE,,,,TRUE,,,4.9,180
nowhere_dark_arts_aries,Nowhere - Dark Arts @ Aries,ChIJ20UoIPEFdkgRTNZwbCHw1jo,"13 Bridle Ln, London W1F 9BT, UK",51.5121149,-0.1364919,TRUE,,,,,,,4.8,82
hideaway_coffee_house,Hideaway Coffee House,ChIJQVuAyHwFdkgRRONXLgGXyGA,"7 Farrier's Psge, London W1D 7DP, UK",51.511337499999996,-0.1352386,TRUE,,,,TRUE,,,4.8,1297
oma_coffee_roaster,oma Coffee Roaster,ChIJx-vKx04bdkgReq3CiZyPaWE,"35 Eastcastle St, London W1W 8DW, UK",51.516549,-0.1390101,TRUE,,,,,,,4.7,213
treelogy_speciality_coffee_paddington,Treelogy Speciality Coffee Paddington,ChIJO-Iq7csbdkgRo9PlaYFsqGI,"50 Eastbourne Terrace, London W2 6LG, UK",51.515363199999996,-0.17699930000000003,TRUE,,,,FALSE,,,4.7,842
so_cafe_london,SO Cafe London,ChIJQZ-VSLAbdkgRkBkUeNJDnwY,"Maida Vale Station, Forecourt, Randolph Ave., London W9 1JS, UK",51.5298564,-0.18579700000000002,TRUE,,,,TRUE,,,4.9,581
abol_coffee,Abol Coffee,ChIJNUt8DwAFdkgRerylb3V78Y0,"Spc House, 1 Kemble St, London WC2B 4AN, UK",51.514743499999994,-0.1194085,TRUE,,,,,,,4.9,96
rosslyn_coffee_leadenhall_market,Rosslyn Coffee Leadenhall Market,ChIJU1uiihQDdkgRNO48T2LAHZc,"Leadenhall Market, 15-18 Lime St, London EC3M 7AN, UK",51.512244499999994,-0.08337979999999999,TRUE,,,,TRUE,,,4.9,247
rosslyn_coffee_liverpool_street_station,Rosslyn Coffee Liverpool Street Station,ChIJn5pH8I8ddkgRTthMdgucKAA,"74-75 Old Broad St, London EC2M 1QT, UK",51.517278600000004,-0.08309690000000002,TRUE,,,,,,,5,28
daku_coffee_monument,Daku Coffee Monument,ChIJmfnc6rEDdkgRqxXiX2hVE8w,"24 Monument St, London EC3R 8AJ, UK",51.50994,-0.0858536,TRUE,,,,TRUE,,,4.7,135
the_fleet_street_press,The Fleet Street Press,ChIJ7bbVobQEdkgRITbFGuray3E,"3 Fleet St, Temple, London EC4Y 1AU, UK",51.5136287,-0.11160819999999999,TRUE,,,,,,,4.5,608
tattle_coffee_house_st_pauls,Tattle Coffee House - St Pauls,ChIJ53lYaB0FdkgR6U8NALDbKrQ,"3, 5 Ludgate Hill, London EC4M 7AA, UK",51.5136868,-0.101188,TRUE,,,,,,,4.4,348
curators_coffee_studio,Curators Coffee Studio,ChIJvbgifFIDdkgRG0OloBcA7kA,"9A Cullum St, London EC3M 7JJ, UK",51.5120832,-0.0825571,TRUE,,,,TRUE,,,4.7,594
colonna_and_small_s,Colonna & Small's,ChIJ1YfLVmYbdkgR7JZLGNrvbS4,"96a Leather Ln, London EC1N 7TX, UK",51.52163290000001,-0.10995189999999999,TRUE,,,,,,,4.9,236
nine_bars_coffee,Nine Bars Coffee,ChIJ_2F_MMwbdkgRTftitjjQgPg,"4 Gate St, London WC2A 3HP, UK",51.5170217,-0.1186695,TRUE,,,,TRUE,,,4.9,155
oba_coffee,OBA Coffee,ChIJ5fZYHhAddkgR4RYjC0jEkkQ,"1 Basinghall Ave, London EC2V 5DD, UK",51.5168481,-0.09092449999999999,TRUE,,,,,,,4.9,48
newton_s_coffee,Newton's Coffee,ChIJa40tVwADdkgRBLYjftOp_dA,"10-13 Lombard Street, St Mary, Woolnoth, London EC3V 9AN, UK",51.5128394,-0.0881411,TRUE,,,,TRUE,,,4.9,115
cyb_coffee_haus,CYB Coffee Haus,ChIJszxReUkDdkgRJz2UDivj0cA,"Providian House, London EC3R 8AJ, UK",51.509392899999995,-0.0859881,TRUE,,,,,,,4.9,15
grey_crane,Grey Crane,ChIJt4FO84AbdkgR8rIvlRFgUmY,"316 St John St, London EC1V 4NT, UK",51.5287946,-0.10442549999999999,TRUE,,,,TRUE,,,5,184
clerkenwell_kiosk,Clerkenwell Kiosk,ChIJGSPxp3AbdkgR6UbUYHCCQgI,"Park Rangers' Hut St James's Churchyard, London EC1R 0EA, UK",51.523874899999996,-0.1052713,TRUE,,,,TRUE,,,5,100
sendero_specialty_coffee_brixton,Sendero Specialty Coffee Brixton,ChIJdRyTKQ0FdkgRQkgiNJ1n388,"1 Atlantic Rd, London SW9 8HX, UK",51.46329540000001,-0.11464049999999999,TRUE,,,,TRUE,,,4.4,147
federation_coffee,Federation Coffee,ChIJF0CUcSobdkgRM2Mz_ZJTXgM,"66 Great Titchfield St., London W1W 7QJ, UK",51.5184664,-0.1404,TRUE,,,,TRUE,,,4.6,2261
stoop_coffee_specialty_coffee,Stoop Coffee - Specialty Coffee,ChIJZdNpGHoFdkgRP-tD3tnhy_g,"1B Hinton Rd, London SE24 0HJ, UK",51.4655437,-0.102677,TRUE,,,,,,,4.9,47
naked_rabbit,Naked Rabbit,ChIJ00NAnp0FdkgRytyoXyNd9X8,"25 Clapham Common South Side, London SW4 7AB, UK",51.4607919,-0.1390537,TRUE,,,,TRUE,,,4.8,100
sw_camel_coffee_shop,SW Camel Coffee Shop,ChIJXdYOw7cHdkgR_BwJcHW_4qo,"302 Streatham High Rd, London SW16 6HG, UK",51.4278209,-0.1312371,TRUE,,,,,,,5,27
the_coffee_cabin,The Coffee Cabin,ChIJUSUmEBMFdkgRhJv7qMPA05w,"Streatham Hill, London SW2 4SA, UK",51.4382477,-0.1270532,TRUE,,,,,,,4.5,23
calico_coffee,Calico Coffee,ChIJcw5v_YMFdkgRK4VGbLvpCJ0,"Unit C, 101 Lower Marsh, London SE1 7AB, UK",51.501252099999995,-0.1120692,TRUE,,,,,,,4.7,516
kennington_lane_cafe,Kennington Lane Cafe,ChIJl381_ewEdkgRICMBqcXSYR4,"383 Kennington Ln, London SE11 5QY, UK",51.4860873,-0.12106179999999998,TRUE,,,,TRUE,,,4.9,12153
the_kennington_coffee_shop,The Kennington Coffee Shop,ChIJEy12DpYEdkgRxvdWThg4vLg,"3, Wincott Parade, 173 Kennington Rd, London SE11 6SR, UK",51.4928871,-0.110625,TRUE,,,,TRUE,,,4.8,212
perks_and_white_coffee_herne_hill_station,"Perks & White coffee, Herne Hill Station",ChIJYZdOSd8FdkgRhaN1Xb1louI,"Herne Hill, Station Ticket Hall, Railton Rd, London SE24 0JW, UK",51.4530992,-0.1022043,TRUE,,,,TRUE,,,4.6,187
annapurna_cafe,Annapurna Cafe,ChIJVUQdj-4FdkgRgAqFLhrRIcg,"39a Loughborough Rd, London SW9 7TB, UK",51.4708906,-0.1085863,TRUE,,,,TRUE,,,4.8,211
martil_cafe_west_norwood,Martil Cafe West Norwood,ChIJYcigusYFdkgRYJemIMViO6E,"280 Norwood Rd, Norwood, London SE27 9AJ, UK",51.436616199999996,-0.1050657,TRUE,,,,TRUE,,,4.9,533
cayena_coffee_roasters,Cayena Coffee Roasters,ChIJo5F4WEQEdkgRPr7NR2U_-6A,"144 Acre Ln, London SW2 5UT, UK",51.459768,-0.1251279,TRUE,,,,,,,5,22
sipp,Sipp,ChIJD-LpOM8FdkgRTzpwI0NGgvc,"Ground Floor, 86 Stockwell Rd, London SW9 9JQ, UK",51.4690035,-0.1196521,TRUE,,,,,,,5,39
beam,Beam,ChIJ5VxITD8RdkgRgmJIm8bKt3s,"103 Westbourne Grove, London W2 4UW, UK",51.5151426,-0.1933383,TRUE,,,,TRUE,,,4.8,4653
devotion_coffee_angel,Devotion Coffee Angel,ChIJOYUKMK0bdkgRnGyQQRgWg40,"2 Cross St, London N1 2BL, UK",51.538835,-0.0990245,TRUE,,,,TRUE,,,4.7,254
the_roasting_shed,The Roasting Shed,ChIJGQmwz2wddkgRxvEEfSjq2lo,"322 Hornsey Rd, Finsbury Park, London N7 7HE, UK",51.563053,-0.11779859999999999,TRUE,,,,TRUE,,,4.8,228
pophams_islington,Pophams Islington,ChIJ6ah3ZWAbdkgRnIohEE0UryM,"19 Prebend St, London N1 8PF, UK",51.53685,-0.09644459999999999,TRUE,,,,,,,4.6,1608
positive_charge_coffee,Positive Charge Coffee,ChIJDfWl2xobdkgRFMQ48iTrqiQ,"346 Caledonian Rd, London N1 1DU, UK",51.5409599,-0.1168059,TRUE,,,,TRUE,,,5,27
selv_roastery,SELV Roastery,ChIJn_kerwEbdkgRXifq_jAYCTY,"116 Upper St, London N1 1AP, UK",51.5383601,-0.1025142,TRUE,,,,TRUE,,,4.8,83
toconoco,Toconoco,ChIJSbA7WZYcdkgRM8xb-cWQMt8,"Unit A, 28 Hertford Rd, London N1 5QT, UK",51.5383498,-0.0783027,TRUE,,,,TRUE,,,4.5,703
southpaw_coffee,Southpaw Coffee,ChIJ80UjfCsbdkgRT0afJT24-Xk,"2 Roman Way, London N7 8XG, UK",51.5435672,-0.1132875,TRUE,,,,FALSE,,,4.7,326
first_light_coffee_co,First Light Coffee Co.,ChIJNSfxyeMPdkgRde7kZmNjvFs,"191A Uxbridge Rd, London W12 9RA, UK",51.5063148,-0.23851689999999995,TRUE,,,,TRUE,,,4.9,64
gramos_coffee_bar,Gramos Coffee Bar,ChIJ19Ng64QadkgRTmQRF8BYrFg,"Located inside King's Cross Underground Station, Ticket Hall Level Regents Canal exit, (below Harry Potter shop, London N1 9AL, UK",51.5318391,-0.1243704,TRUE,,,,FALSE,,,4.9,597
news_and_coffee,News & Coffee,ChIJT4xvAwAbdkgRnRQYDxcYlmA,"News & Coffee Kiosk, Granary Square, London N1C 4PQ, UK",51.5351478,-0.12562270000000003,TRUE,,,,,,,4.7,51
ink_84_books,Ink@84 Books,ChIJ-w223oEbdkgRl4UmWsp1cK4,"84 Highbury Park, London N5 2XE, UK",51.5573203,-0.0979403,TRUE,,,,,,,4.9,155
pedlar_coffee,Pedlar Coffee,ChIJE-CmjowFdkgRU88P_qnh_mc,"20 Lower Marsh, London SE1 7RJ, UK",51.5006409,-0.11295540000000001,TRUE,,,,TRUE,,,4.4,325
buna_brew,Buna Brew,ChIJo_6PgTsbdkgRokHvCWOsAFI,"125 Castlehaven Rd, London NW1 8SJ, UK",51.5464254,-0.1440743,TRUE,,,,TRUE,,,5,133
suda_coffee_pencil,Suda Coffee Pencil,ChIJGUjAwf4bdkgRXpH_hdVbyyE,"243 Eversholt St, London NW1 1BE, UK",51.5335633,-0.1378073,TRUE,,,,,,,5,442
the_hut_by_the_heath,The Hut by The Heath,ChIJfemI6HIbdkgRn7rhWviW1Ww,"Lido entrance to Hampstead Heath, Gordon House Rd, London NW5 1LT, UK",51.555438099999996,-0.1497546,TRUE,,,,TRUE,,,5,333
ayla_coffee,Ayla Coffee,ChIJzw63N5YbdkgRORmEf0XQsDo,"3 Harben Parade, Finchley Rd, London NW3 6JP, UK",51.5444161,-0.175809,TRUE,,,,,,,4.9,69
bloomsbury_coffee_co,Bloomsbury Coffee Co.,ChIJHV-F_h8bdkgRb1hGo6DuiTA,"Bernard St, London WC1N 1LE, UK",51.523160399999995,-0.12452789999999998,TRUE,,,,,,,4.9,383
bossa_coffee_bar,Bossa Coffee Bar,ChIJT8KBYQQbdkgRsaRzCo1CAS0,"Unit 38/39, The Stables Market, 26 Chalk Farm Rd, Chalk Farm, London NW1 8AH, UK",51.542345999999995,-0.1471835,TRUE,,,,,,,4.3,37
coffeehead,COFFEEhead,ChIJa5TAzmUbdkgRXQWuJG4hvHc,"Cabin outside Hampstead Underground station, Hampstead High St, London NW3 1QG, UK",51.5567108,-0.1783396,TRUE,,,,,,,4.9,32
early_bees_coffee_holborn,Early Bees Coffee Holborn,ChIJXzR0jLobdkgR6Brcd0hdmLQ,"Unit 1B, 100-110 High Holborn, London WC1V 6QL, UK",51.5178558,-0.11918410000000002,TRUE,,,,TRUE,,,4.9,1137
espressobase,EspressoBase,ChIJ0ctunjMbdkgRhyQbHNfE7E4,"St Georges Court, Bloomsbury Way, London WC1A 2SE, UK",51.5176605,-0.12453399999999999,TRUE,,,,TRUE,,,4.9,361
food_room,Food Room,ChIJO52yFkoadkgRAqnH42RIdW4,"305 Archway Rd, London N6 5AA, UK",51.5770704,-0.14602199999999999,TRUE,,,,TRUE,,,4.9,446
froth_coffee,Froth Coffee,ChIJQfM3XAAFdkgROwEXQlmxFVw,"29 Bedfordbury, London WC2N 4BJ, UK",51.5109861,-0.125757,TRUE,,,,,,,4.3,52
glass_coffee,Glass Coffee,ChIJl9-F5qobdkgRlAaRD0XWtPQ,"192-198 Camden High Street BoxPark, First Floor Unit 49, London NW1 8QP, UK",51.540091,-0.1433051,TRUE,,,,TRUE,,,4.9,687
camden_coffee_roastery,Camden Coffee Roastery,ChIJN7xCIEwbdkgRYsun5KjhoMg,"12 Castlehaven Rd, London NW1 8QU, UK",51.542308399999996,-0.1448603,TRUE,,,,TRUE,,,4.6,869
doppio_coffee_warehouse,Doppio Coffee Warehouse,ChIJSfc5NRwbdkgR7jLNBx5niY0,"177 Kentish Town Rd, London NW1 8PD, UK",51.5461514,-0.1420149,TRUE,,,,TRUE,,,4.5,309
elsewhere_coffee,Elsewhere Coffee,ChIJYVXNRXADdkgRdp7BJBX9Mrs,"3, Titan Business Estate, London SE8 5QA, UK",51.4792354,-0.026755599999999997,TRUE,,,,,,,4.6,134
running_late_coffee,Running Late Coffee,ChIJSzONaygddkgRVR1m8PaQRQk,"249b Mare St, London E8 3NS, UK",51.542580199999996,-0.055453699999999995,TRUE,,,,TRUE,,,4.9,249
lodestar_coffee,Lodestar Coffee,ChIJhZFBsCcddkgROiXFk8ALT3o,"163 Clarence Rd, Lower Clapton, London E5 8EE, UK",51.555253799999996,-0.05621099999999999,TRUE,,,,FALSE,,,4.9,411
sons,sons,ChIJLd7dbGAbdkgRgerK6MpxynA,"Tintagel House, 92 Albert Embankment, London SE1 7TY, UK",51.4888711,-0.1235293,TRUE,,,,,,,3.7,36
climpson_and_sons,Climpson & Sons,ChIJWVpjf8IcdkgROoN1dnL8tq0,"5 Helmsley Pl, London E8 3SB, UK",51.5394266,-0.058705799999999995,TRUE,,,,,,,4.4,8
pophams_hackney,Pophams Hackney,ChIJYb_MfNUddkgR59EyFxTw62w,"197 Richmond Rd, London E8 3NJ, UK",51.5436252,-0.0575894,TRUE,,,,,,,4.5,1257
215_hackney,215 Hackney,Eh0yMTUgSGFja25leSBSZCwgTG9uZG9uIEUyLCBVSyIxEi8KFAoSCVP_bVS_HHZIEaLKpE_zbvksENcBKhQKEgnlVnwnxxx2SBFTBMvRQi6YyA,"215 Hackney Rd, London, UK",51.531271499999995,-0.07087820000000002,TRUE,,,,,,,,
the_snapery_east,The Snapery East,ChIJD9BaJuYcdkgR6plqUvIQ6Qk,"373 Helmsley Pl, London E8 3SB, UK",51.539370399999996,-0.058392900000000005,TRUE,,,,,,,4.4,391
wilton_way_cafe,Wilton Way Cafe,ChIJq_j3zO8cdkgRnD8n_4408a4,"63 Wilton Way, London E8 1BG, UK",51.5456764,-0.06150569999999999,TRUE,,,,TRUE,,,4.3,126
esters,Esters,ChIJsx1ZtmMcdkgRNpAH_DdQj3E,"55 Kynaston Rd, London N16 0EB, UK",51.560065599999994,-0.07802769999999999,TRUE,,,,TRUE,,,4.5,407
batch_baby,Batch Baby,ChIJdaPpbykddkgRriPViOmOjTY,"Rose Lipman Building, 43 De Beauvoir Rd, London N1 5SF, UK",51.5391583,-0.0813921,TRUE,,,,TRUE,,,4.7,428
paradox_design_coffee,Paradox Design + Coffee,ChIJyRyDs5gddkgRciwH516VRFs,"Unit A, Market, Netil House, 13 - 23 Westgate St, London E8 3RL, UK",51.5375921,-0.058737399999999995,TRUE,,,,TRUE,,,4.6,219
petit_grind,Petit Grind,ChIJcXGKtjkddkgRgbKUqXPK0nw,"30a Balls Pond Rd, London N1 4AU, UK",51.546240999999995,-0.0771723,TRUE,,,,TRUE,,,4.8,112
monmouth_coffee_company_borough_market,Monmouth Coffee Company Borough Market,ChIJ94DTm1cDdkgRibmgxzXy2EQ,"2 Park St, London SE1 9AB, UK",51.5055334,-0.0914069,TRUE,,,,FALSE,,,4.5,3016
saint_nine_coffee,Saint Nine Coffee,ChIJ_eb_vDYFdkgRR4N94aXl7BE,"67 Southwark St, London SE1 0HX, UK",51.5052909,-0.09845079999999999,TRUE,,,,TRUE,,,4.9,343
the_gentlemen_baristas_park_street,The Gentlemen Baristas Park Street,ChIJiyhde84DdkgRPkXwAwQgaH4,"11 Park St, London SE1 9AB, UK",51.5052138,-0.09185770000000001,TRUE,,,,TRUE,,,4.6,387
old_spike_peckham,Old Spike Peckham,ChIJjYPdp6MDdkgRzzenMJuzBUE,"54 Peckham Rye, London SE15 4JR, UK",51.4651552,-0.0666088,TRUE,,,,,,,4.7,340
nola_coffee,Nola Coffee,ChIJBQdXz_YDdkgRloFsZp76YFo,"224 Rye Ln, London SE15 4NL, UK",51.4663567,-0.0662381,TRUE,,,,FALSE,,,4.7,738
goodcup,Goodcup,ChIJh33RgvcDdkgRqNefnAvb_GA,"44 Nunhead Grn, London SE15 3QG, UK",51.465703100000006,-0.057591899999999994,TRUE,,,,,,,4.5,278
aazhii_coffee,Aazhii Coffee,ChIJDTdHub8DdkgRNZhEnDoqz9w,"679 Old Kent Rd, London SE15 1JS, UK",51.482337799999996,-0.0621409,TRUE,,,,,,,,
cotton_s_coffee,Cotton's Coffee,ChIJA38pcAADdkgRNWSWvxQI_B8,"28 Choumert Rd, London SE15 4SE, UK",51.468108099999995,-0.06858979999999999,TRUE,,,,,,,4.9,68
ukkei_coffee_brew_bar,Ukkei - Coffee Brew Bar,ChIJC8nHL-MDdkgRJV_JyRtUoaY,"Unit 30, Rye Lane Market, 48 Rye Ln, London SE15 5BY, UK",51.470937,-0.0698811,TRUE,,,,,,,5,115
the_meeting_house,The Meeting House,ChIJZScZjs4DdkgR8d5mNw8MLDI,"19 Meeting House Ln, London SE15 2UN, UK",51.476857200000005,-0.0599969,TRUE,,,,,,,5,69
lomond_coffee_roasters,Lomond Coffee Roasters,ChIJI4UNmb4ddkgRSDTzDN-fHVo,"61-65 Paulet Rd, London SE5 9HW, UK",51.4718252,-0.1012352,TRUE,,,,,,,5,4
lumberjack,Lumberjack,ChIJ6UMlUn8DdkgRGc_MnuchyyE,"70 Camberwell Church St, London SE5 8QZ, UK",51.4734736,-0.0882505,TRUE,,,,FALSE,,,4.5,450
south_london_louie,South London Louie,ChIJB3hamxYDdkgR--3uOrbrjVU,"67 Peckham Rd, London SE5 8UH, UK",51.4742441,-0.079654,TRUE,,,,TRUE,,,4.1,58
the_patio,The Patio,ChIJ-bI-oQIbdkgRkGqEfriTvPQ,"26 Smithfield St, London EC1A 9LB, UK",51.518269,-0.1024611,TRUE,,,,FALSE,,,4.1,165
holy_shot_coffee,Holy Shot Coffee,ChIJP2Xq_7ccdkgRwRiylXF_TMg,"155 Bethnal Grn Rd, London E2 7DG, UK",51.525495,-0.070586,TRUE,,,,TRUE,,,4.4,490
la_tostadora_roastery_coffee,La Tostadora Roastery + Coffee,ChIJ76TxnesHdkgRawNa-VU2yWg,"267 Poyser St, London E2 9RF, UK",51.5298236,-0.05672979999999999,TRUE,,,,,,,4.8,157
paper_and_cup,Paper & Cup,ChIJrXkVG7ocdkgR1hK-Wo8g4ao,"18 Calvert Ave, London E2 7JP, UK",51.5262342,-0.0768664,TRUE,,,,TRUE,,,4.6,339
longshot_coffee,Longshot Coffee,ChIJwaTbojUDdkgR5DEbzowCfDg,"1 Dock St, London E1 8JN, UK",51.5107849,-0.0683139,TRUE,,,,,,,4.7,242
urban_baristas_wapping,Urban Baristas Wapping,ChIJe0KMfy8DdkgRUeFaEY6O3-8,"138 Wapping High St, London E1W 3PA, UK",51.5045326,-0.0558821,TRUE,,,,TRUE,,,4.3,801
white_mulberries,White Mulberries,ChIJWZAsUgkbdkgRho3VniGxdBQ,"54 Paddington St, London W1U 4HU, UK",51.5206033,-0.1530008,TRUE,,,,TRUE,,,4.2,252
mae_harvey,Mae + Harvey,ChIJOTOptDwddkgR5IFuioDXAkY,"414 Roman Rd, Bow, London E3 5LU, UK",51.5317321,-0.0351212,TRUE,,,,FALSE,,,4.7,669
the_peanut_vendor,The Peanut Vendor,ChIJ4R4JPIQcdkgRVWw2p0qETnY,"6 Gunmakers Ln, Gunmakers Wharf, Vermilion Apartments, 6 Gunmakers Ln, Bow, London E3 5GG, UK",51.5353437,-0.034085199999999996,TRUE,,,,,,,4,132
zealand_road,Zealand Road,ChIJV3awoCMddkgRf8dipwEMW5k,"Zealand Rd, Bow, London, UK",51.5315011,-0.0376957,TRUE,,,,,,,,
640east_wood_wharf,640East Wood Wharf,ChIJj1lmGboCdkgRqKvZ-3-Fhmw,"Montgomery Square, Upper Bank St, Canary Wharf Estate, London E14 5JJ, UK",51.5034132,-0.0169335,TRUE,,,,TRUE,,,4.3,627
eleventh_hour_cafe,Eleventh Hour Cafe,ChIJRbbBqmgDdkgRHWyztmQ0wJE,"18, Wardian, 1 Erebus Gdns, Wards Pl, London E14 9ED, UK",51.5013076,-0.0228868,TRUE,,,,TRUE,,,4.8,285
nude_coffee_roasters,Nude Coffee Roasters,ChIJx6V6eLYcdkgRd_3-5pTLxPE,"25 Hanbury St, London E1 6QR, UK",51.5204634,-0.0727785,TRUE,,,,,,,4.2,698
potter_and_reid,Potter & Reid,ChIJ1WWd0CgddkgR5jzkVW3HcSw,"20-22 Toynbee St, London E1 7NE, UK",51.517620099999995,-0.0744934,TRUE,,,,TRUE,,,4.6,441
yellow_ladder_coffee,Yellow Ladder Coffee,ChIJHwwjOQAddkgR9goE2sMotm8,"Whitechapel Rd, Greater, London E1 1BY, UK",51.5197102,-0.0602259,TRUE,,,,,,,4.7,260
